,C,Precision,Recall,Fscore
1,0.001,0.4996,1.0,0.714
2,0.002,0.5399,0.9482,0.728
3,0.003,0.7081,0.6845,0.6937
4,0.004,0.7622,0.5993,0.6553
5,0.005,0.7748,0.586,0.6493
6,0.006,0.7803,0.581,0.6471
7,0.007,0.7849,0.591,0.6558
8,0.008,0.7863,0.596,0.6599
9,0.009,0.7913,0.6077,0.6699
10,0.01,0.7896,0.6077,0.6694
11,0.011,0.7876,0.6127,0.6724
12,0.012,0.7825,0.6127,0.6709
13,0.013,0.7736,0.616,0.6707
14,0.014,0.7715,0.6144,0.6689
15,0.015,0.764,0.616,0.6677
16,0.016,0.7582,0.6177,0.6672
17,0.017,0.7582,0.6177,0.6672
18,0.018,0.7607,0.621,0.6702
19,0.019,0.756,0.626,0.6722
20,0.02,0.756,0.626,0.6722
21,0.021,0.7525,0.6294,0.6735
22,0.022,0.7545,0.6361,0.6787
23,0.023,0.7539,0.6394,0.6808
24,0.024,0.7549,0.6377,0.6799
25,0.025,0.7534,0.6427,0.6828
26,0.026,0.7495,0.6444,0.6827
27,0.027,0.7466,0.6444,0.6817
28,0.028,0.7485,0.6461,0.6835
29,0.029,0.7437,0.6444,0.6808
30,0.03,0.7432,0.6427,0.6795
31,0.031,0.7427,0.6411,0.6782
32,0.032,0.7418,0.6427,0.679
33,0.033,0.7414,0.6461,0.6811
34,0.034,0.7375,0.6427,0.6775
35,0.035,0.7352,0.6444,0.6779
36,0.036,0.7311,0.6444,0.6765
37,0.037,0.7256,0.6444,0.6746
38,0.038,0.7274,0.6461,0.6763
39,0.039,0.7274,0.6461,0.6763
40,0.04,0.7302,0.6461,0.6773
41,0.041,0.7312,0.6494,0.6798
42,0.042,0.7322,0.6528,0.6824
43,0.043,0.7341,0.6544,0.6841
44,0.044,0.736,0.6561,0.6859
45,0.045,0.7355,0.6544,0.6846
46,0.046,0.7351,0.6578,0.6867
47,0.047,0.7351,0.6578,0.6867
48,0.048,0.7351,0.6578,0.6867
49,0.049,0.7351,0.6578,0.6867
50,0.05,0.7342,0.6594,0.6874
51,0.051,0.7283,0.6578,0.6843
52,0.052,0.7259,0.6544,0.6812
53,0.053,0.7251,0.6561,0.6821
54,0.054,0.7241,0.6528,0.6796
55,0.055,0.7219,0.6544,0.6798
56,0.056,0.7214,0.6528,0.6786
57,0.057,0.7214,0.6528,0.6786
58,0.058,0.7201,0.6528,0.6782
59,0.059,0.7188,0.6528,0.6777
60,0.06,0.7201,0.6528,0.6782
61,0.061,0.7179,0.6544,0.6784
62,0.062,0.7185,0.6561,0.6797
63,0.063,0.7166,0.6544,0.6779
64,0.064,0.7161,0.6528,0.6767
65,0.065,0.7161,0.6528,0.6767
66,0.066,0.7145,0.6477,0.6729
67,0.067,0.7151,0.6494,0.6742
68,0.068,0.7156,0.6511,0.6755
69,0.069,0.7169,0.6511,0.6759
70,0.07,0.7156,0.6511,0.6755
71,0.071,0.7132,0.6477,0.6724
72,0.072,0.7138,0.6494,0.6737
73,0.073,0.7138,0.6494,0.6737
74,0.074,0.7138,0.6494,0.6737
75,0.075,0.7151,0.6494,0.6742
76,0.076,0.7093,0.6477,0.671
77,0.077,0.7112,0.6494,0.6728
78,0.078,0.7099,0.6494,0.6723
79,0.079,0.708,0.6477,0.6705
80,0.08,0.7091,0.6511,0.6731
81,0.081,0.7071,0.6528,0.6735
82,0.082,0.7076,0.6544,0.6747
83,0.083,0.7076,0.6544,0.6747
84,0.084,0.7081,0.6561,0.676
85,0.085,0.7086,0.6578,0.6772
86,0.086,0.7086,0.6578,0.6772
87,0.087,0.7086,0.6578,0.6772
88,0.088,0.7086,0.6578,0.6772
89,0.089,0.7092,0.6594,0.6785
90,0.09,0.7086,0.6578,0.6772
91,0.091,0.7086,0.6578,0.6772
92,0.092,0.7079,0.6594,0.678
93,0.093,0.7074,0.6578,0.6768
94,0.094,0.7074,0.6578,0.6768
95,0.095,0.7084,0.6611,0.6792
96,0.096,0.7074,0.6578,0.6768
97,0.097,0.7074,0.6578,0.6768
98,0.098,0.7074,0.6578,0.6768
99,0.099,0.7074,0.6578,0.6768
100,0.1,0.7068,0.6561,0.6755
101,0.101,0.7074,0.6578,0.6768
102,0.102,0.7058,0.6528,0.673
103,0.103,0.7063,0.6544,0.6742
104,0.104,0.7063,0.6544,0.6742
105,0.105,0.7058,0.6528,0.673
106,0.106,0.7052,0.6511,0.6717
107,0.107,0.7063,0.6544,0.6742
108,0.108,0.704,0.6511,0.6713
109,0.109,0.7058,0.6528,0.673
110,0.11,0.7045,0.6528,0.6725
111,0.111,0.7058,0.6528,0.673
112,0.112,0.7071,0.6528,0.6735
113,0.113,0.7045,0.6528,0.6725
114,0.114,0.7045,0.6528,0.6725
115,0.115,0.705,0.6544,0.6737
116,0.116,0.7038,0.6544,0.6733
117,0.117,0.7032,0.6528,0.6721
118,0.118,0.7032,0.6528,0.6721
119,0.119,0.7025,0.6544,0.6728
120,0.12,0.7025,0.6544,0.6728
121,0.121,0.7025,0.6544,0.6728
122,0.122,0.7045,0.6528,0.6725
123,0.123,0.705,0.6544,0.6737
124,0.124,0.7063,0.6544,0.6742
125,0.125,0.704,0.6511,0.6713
126,0.126,0.7032,0.6528,0.6721
127,0.127,0.705,0.6544,0.6737
128,0.128,0.7045,0.6528,0.6725
129,0.129,0.7045,0.6528,0.6725
130,0.13,0.7045,0.6528,0.6725
131,0.131,0.7045,0.6528,0.6725
132,0.132,0.7045,0.6528,0.6725
133,0.133,0.7045,0.6528,0.6725
134,0.134,0.7045,0.6528,0.6725
135,0.135,0.7045,0.6528,0.6725
136,0.136,0.7014,0.6511,0.6703
137,0.137,0.7027,0.6511,0.6708
138,0.138,0.7032,0.6528,0.6721
139,0.139,0.702,0.6528,0.6716
140,0.14,0.7014,0.6511,0.6703
141,0.141,0.6991,0.6477,0.6673
142,0.142,0.6986,0.6461,0.6661
143,0.143,0.6991,0.6477,0.6673
144,0.144,0.7009,0.6494,0.6691
145,0.145,0.6996,0.6494,0.6686
146,0.146,0.6996,0.6494,0.6686
147,0.147,0.6996,0.6494,0.6686
148,0.148,0.6991,0.6477,0.6673
149,0.149,0.6991,0.6477,0.6673
150,0.15,0.6991,0.6477,0.6673
151,0.151,0.6991,0.6477,0.6673
152,0.152,0.6991,0.6477,0.6673
153,0.153,0.6991,0.6477,0.6673
154,0.154,0.6986,0.6461,0.6661
155,0.155,0.6986,0.6461,0.6661
156,0.156,0.6986,0.6461,0.6661
157,0.157,0.7005,0.6444,0.6657
158,0.158,0.6987,0.6427,0.664
159,0.159,0.6975,0.6427,0.6636
160,0.16,0.6987,0.6427,0.664
161,0.161,0.6975,0.6427,0.6636
162,0.162,0.6975,0.6427,0.6636
163,0.163,0.698,0.6444,0.6648
164,0.164,0.6993,0.6444,0.6653
165,0.165,0.6987,0.6427,0.664
166,0.166,0.6969,0.6411,0.6623
167,0.167,0.6976,0.6394,0.6615
168,0.168,0.6958,0.6377,0.6597
169,0.169,0.6958,0.6377,0.6597
170,0.17,0.6958,0.6377,0.6597
171,0.171,0.6958,0.6377,0.6597
172,0.172,0.6953,0.6361,0.6585
173,0.173,0.6958,0.6377,0.6597
174,0.174,0.6965,0.6361,0.659
175,0.175,0.6965,0.6361,0.659
176,0.176,0.6953,0.6361,0.6585
177,0.177,0.6953,0.6361,0.6585
178,0.178,0.694,0.6361,0.6581
179,0.179,0.6934,0.6344,0.6568
180,0.18,0.6934,0.6344,0.6568
181,0.181,0.6909,0.6344,0.6559
182,0.182,0.6929,0.6327,0.6555
183,0.183,0.6923,0.6311,0.6542
184,0.184,0.6916,0.6327,0.655
185,0.185,0.6916,0.6327,0.655
186,0.186,0.691,0.6311,0.6538
187,0.187,0.691,0.6311,0.6538
188,0.188,0.6916,0.6327,0.655
189,0.189,0.6898,0.6311,0.6533
190,0.19,0.6905,0.6294,0.6525
191,0.191,0.6899,0.6277,0.6512
192,0.192,0.6874,0.6277,0.6503
193,0.193,0.688,0.6294,0.6516
194,0.194,0.6899,0.6277,0.6512
195,0.195,0.6874,0.6277,0.6503
196,0.196,0.6874,0.6277,0.6503
197,0.197,0.6875,0.6244,0.6482
198,0.198,0.6868,0.626,0.649
199,0.199,0.6862,0.6244,0.6477
200,0.2,0.6861,0.6277,0.6498
201,0.201,0.6863,0.621,0.6456
202,0.202,0.6851,0.621,0.6451
203,0.203,0.6875,0.6244,0.6482
204,0.204,0.6851,0.621,0.6451
205,0.205,0.6886,0.6277,0.6507
206,0.206,0.6851,0.621,0.6451
207,0.207,0.6862,0.6244,0.6477
208,0.208,0.685,0.6244,0.6473
209,0.209,0.6832,0.6227,0.6456
210,0.21,0.6857,0.6227,0.6465
211,0.211,0.6832,0.6194,0.6434
212,0.212,0.6845,0.6194,0.6439
213,0.213,0.6851,0.621,0.6451
214,0.214,0.6839,0.6177,0.6426
215,0.215,0.6832,0.6194,0.6434
216,0.216,0.6819,0.6227,0.6451
217,0.217,0.6825,0.6244,0.6464
218,0.218,0.682,0.6194,0.643
219,0.219,0.6808,0.616,0.6404
220,0.22,0.682,0.6194,0.643
221,0.221,0.682,0.6194,0.643
222,0.222,0.682,0.6194,0.643
223,0.223,0.6832,0.6194,0.6434
224,0.224,0.6832,0.6194,0.6434
225,0.225,0.682,0.6194,0.643
226,0.226,0.6808,0.616,0.6404
227,0.227,0.682,0.6194,0.643
228,0.228,0.6814,0.6177,0.6417
229,0.229,0.6814,0.6177,0.6417
230,0.23,0.6802,0.6144,0.6391
231,0.231,0.6802,0.6144,0.6391
232,0.232,0.6808,0.616,0.6404
233,0.233,0.6808,0.616,0.6404
234,0.234,0.6821,0.616,0.6408
235,0.235,0.6827,0.6177,0.6422
236,0.236,0.6827,0.6177,0.6422
237,0.237,0.6827,0.6177,0.6422
238,0.238,0.6833,0.616,0.6413
239,0.239,0.6815,0.6144,0.6396
240,0.24,0.6815,0.6144,0.6396
241,0.241,0.6815,0.6144,0.6396
242,0.242,0.6834,0.6127,0.6391
243,0.243,0.6816,0.611,0.6374
244,0.244,0.6802,0.6144,0.6391
245,0.245,0.6796,0.6127,0.6378
246,0.246,0.6802,0.6144,0.6391
247,0.247,0.679,0.6144,0.6387
248,0.248,0.679,0.6144,0.6387
249,0.249,0.6778,0.611,0.6361
250,0.25,0.6784,0.6127,0.6374
251,0.251,0.6784,0.6127,0.6374
252,0.252,0.684,0.6144,0.6405
253,0.253,0.6784,0.6127,0.6374
254,0.254,0.6796,0.6127,0.6378
255,0.255,0.6784,0.6127,0.6374
256,0.256,0.6833,0.616,0.6413
257,0.257,0.6759,0.6127,0.6365
258,0.258,0.6833,0.616,0.6413
259,0.259,0.6778,0.611,0.6361
260,0.26,0.6803,0.611,0.637
261,0.261,0.6778,0.611,0.6361
262,0.262,0.6784,0.6093,0.6352
263,0.263,0.6759,0.6093,0.6343
264,0.264,0.6747,0.6093,0.6339
265,0.265,0.6747,0.6093,0.6339
266,0.266,0.6747,0.6093,0.6339
267,0.267,0.6753,0.611,0.6352
268,0.268,0.6747,0.6093,0.6339
269,0.269,0.6747,0.6093,0.6339
270,0.27,0.6759,0.6127,0.6365
271,0.271,0.6808,0.616,0.6404
272,0.272,0.6783,0.616,0.6395
273,0.273,0.6753,0.611,0.6352
274,0.274,0.6783,0.616,0.6395
275,0.275,0.6783,0.616,0.6395
276,0.276,0.6783,0.616,0.6395
277,0.277,0.6783,0.616,0.6395
278,0.278,0.6777,0.6144,0.6382
279,0.279,0.6777,0.6144,0.6382
280,0.28,0.6777,0.6144,0.6382
281,0.281,0.6771,0.6127,0.6369
282,0.282,0.6771,0.6127,0.6369
283,0.283,0.6777,0.6144,0.6382
284,0.284,0.6771,0.6127,0.6369
285,0.285,0.679,0.6144,0.6387
286,0.286,0.6784,0.6127,0.6374
287,0.287,0.6784,0.6127,0.6374
288,0.288,0.6771,0.6127,0.6369
289,0.289,0.6784,0.6093,0.6352
290,0.29,0.6784,0.6127,0.6374
291,0.291,0.6778,0.611,0.6361
292,0.292,0.6778,0.611,0.6361
293,0.293,0.6747,0.6093,0.6339
294,0.294,0.6759,0.6127,0.6365
295,0.295,0.6734,0.6093,0.6334
296,0.296,0.6734,0.6093,0.6334
297,0.297,0.6734,0.6093,0.6334
298,0.298,0.6728,0.6077,0.6322
299,0.299,0.6759,0.6093,0.6343
300,0.3,0.6747,0.6093,0.6339
301,0.301,0.6759,0.6093,0.6343
302,0.302,0.6772,0.6093,0.6348
303,0.303,0.6772,0.6093,0.6348
304,0.304,0.6734,0.6093,0.6334
305,0.305,0.676,0.606,0.6322
306,0.306,0.676,0.606,0.6322
307,0.307,0.6753,0.6077,0.633
308,0.308,0.6747,0.606,0.6317
309,0.309,0.6728,0.6077,0.6322
310,0.31,0.6734,0.6093,0.6334
311,0.311,0.6747,0.606,0.6317
312,0.312,0.6734,0.6093,0.6334
313,0.313,0.6754,0.6043,0.6309
314,0.314,0.6734,0.6093,0.6334
315,0.315,0.6728,0.6077,0.6322
316,0.316,0.6728,0.6077,0.6322
317,0.317,0.6722,0.606,0.6309
318,0.318,0.6728,0.6077,0.6322
319,0.319,0.6716,0.6043,0.6295
320,0.32,0.6747,0.606,0.6317
321,0.321,0.6747,0.606,0.6317
322,0.322,0.6747,0.606,0.6317
323,0.323,0.6722,0.606,0.6309
324,0.324,0.6722,0.606,0.6309
325,0.325,0.6741,0.6043,0.6304
326,0.326,0.6716,0.6043,0.6295
327,0.327,0.6716,0.6043,0.6295
328,0.328,0.6716,0.6043,0.6295
329,0.329,0.6741,0.6043,0.6304
330,0.33,0.6716,0.6077,0.6317
331,0.331,0.6722,0.606,0.6309
332,0.332,0.671,0.606,0.6304
333,0.333,0.6741,0.6043,0.6304
334,0.334,0.676,0.6027,0.63
335,0.335,0.676,0.6027,0.63
336,0.336,0.676,0.6027,0.63
337,0.337,0.676,0.6027,0.63
338,0.338,0.676,0.6027,0.63
339,0.339,0.676,0.6027,0.63
340,0.34,0.676,0.6027,0.63
341,0.341,0.6754,0.601,0.6287
342,0.342,0.6748,0.6027,0.6296
343,0.343,0.6766,0.6043,0.6313
344,0.344,0.6741,0.6043,0.6304
345,0.345,0.6766,0.6043,0.6313
346,0.346,0.6748,0.5993,0.6274
347,0.347,0.6735,0.5993,0.6269
348,0.348,0.6735,0.5993,0.6269
349,0.349,0.6748,0.6027,0.6296
350,0.35,0.6748,0.5993,0.6274
351,0.351,0.6742,0.601,0.6283
352,0.352,0.6748,0.5993,0.6274
353,0.353,0.6748,0.6027,0.6296
354,0.354,0.6754,0.6043,0.6309
355,0.355,0.6735,0.5993,0.6269
356,0.356,0.6742,0.601,0.6283
357,0.357,0.6741,0.6043,0.6304
358,0.358,0.676,0.6027,0.63
359,0.359,0.6748,0.5993,0.6274
360,0.36,0.6742,0.601,0.6283
361,0.361,0.676,0.6027,0.63
362,0.362,0.6748,0.5993,0.6274
363,0.363,0.6748,0.5993,0.6274
364,0.364,0.6736,0.596,0.6248
365,0.365,0.6717,0.5977,0.6253
366,0.366,0.6742,0.5977,0.6261
367,0.367,0.6735,0.5993,0.6269
368,0.368,0.6742,0.5977,0.6261
369,0.369,0.6723,0.596,0.6243
370,0.37,0.6729,0.601,0.6278
371,0.371,0.6729,0.601,0.6278
372,0.372,0.6736,0.596,0.6248
373,0.373,0.6736,0.596,0.6248
374,0.374,0.673,0.5943,0.6235
375,0.375,0.6692,0.5977,0.6244
376,0.376,0.6685,0.6027,0.6274
377,0.377,0.6723,0.5993,0.6265
378,0.378,0.6679,0.6043,0.6282
379,0.379,0.6711,0.5927,0.6218
380,0.38,0.671,0.6027,0.6283
381,0.381,0.6723,0.5993,0.6265
382,0.382,0.6667,0.6043,0.6278
383,0.383,0.6667,0.6043,0.6278
384,0.384,0.6673,0.6027,0.627
385,0.385,0.6661,0.6027,0.6266
386,0.386,0.6698,0.5993,0.6256
387,0.387,0.6723,0.6027,0.6287
388,0.388,0.6704,0.601,0.627
389,0.389,0.6711,0.596,0.6239
390,0.39,0.6698,0.5993,0.6256
391,0.391,0.6704,0.5977,0.6248
392,0.392,0.6698,0.596,0.6235
393,0.393,0.6717,0.5943,0.623
394,0.394,0.671,0.5993,0.6261
395,0.395,0.6723,0.596,0.6243
396,0.396,0.6717,0.5943,0.623
397,0.397,0.6698,0.596,0.6235
398,0.398,0.6717,0.5977,0.6253
399,0.399,0.6698,0.596,0.6235
400,0.4,0.6717,0.5943,0.623
401,0.401,0.6711,0.5927,0.6218
402,0.402,0.6711,0.5927,0.6218
403,0.403,0.6705,0.591,0.6204
404,0.404,0.6711,0.5927,0.6218
405,0.405,0.6717,0.5943,0.623
406,0.406,0.6711,0.5927,0.6218
407,0.407,0.6723,0.596,0.6243
408,0.408,0.6723,0.596,0.6243
409,0.409,0.6723,0.596,0.6243
410,0.41,0.6711,0.5927,0.6218
411,0.411,0.6723,0.596,0.6243
412,0.412,0.6704,0.5977,0.6248
413,0.413,0.6654,0.601,0.6252
414,0.414,0.6692,0.5977,0.6244
415,0.415,0.6711,0.596,0.6239
416,0.416,0.6654,0.601,0.6252
417,0.417,0.6704,0.5977,0.6248
418,0.418,0.6704,0.5977,0.6248
419,0.419,0.6711,0.596,0.6239
420,0.42,0.6704,0.5977,0.6248
421,0.421,0.6692,0.5943,0.6222
422,0.422,0.6685,0.596,0.623
423,0.423,0.6711,0.5927,0.6218
424,0.424,0.6704,0.5943,0.6226
425,0.425,0.6711,0.5927,0.6218
426,0.426,0.6704,0.5977,0.6248
427,0.427,0.6698,0.596,0.6235
428,0.428,0.6692,0.5943,0.6222
429,0.429,0.6692,0.5943,0.6222
430,0.43,0.6685,0.5927,0.6209
431,0.431,0.6692,0.5977,0.6244
432,0.432,0.6692,0.5943,0.6222
433,0.433,0.6692,0.5943,0.6222
434,0.434,0.6711,0.596,0.6239
435,0.435,0.6692,0.5977,0.6244
436,0.436,0.6692,0.5943,0.6222
437,0.437,0.6673,0.5927,0.6204
438,0.438,0.6673,0.5927,0.6204
439,0.439,0.6673,0.5927,0.6204
440,0.44,0.6685,0.5927,0.6209
441,0.441,0.6679,0.591,0.6195
442,0.442,0.6673,0.5927,0.6204
443,0.443,0.6667,0.591,0.6191
444,0.444,0.6673,0.5927,0.6204
445,0.445,0.6679,0.5943,0.6217
446,0.446,0.6673,0.5927,0.6204
447,0.447,0.6679,0.5943,0.6217
448,0.448,0.6667,0.591,0.6191
449,0.449,0.6667,0.591,0.6191
450,0.45,0.6667,0.591,0.6191
451,0.451,0.666,0.5893,0.6178
452,0.452,0.666,0.5893,0.6178
453,0.453,0.666,0.5893,0.6178
454,0.454,0.6654,0.591,0.6187
455,0.455,0.6667,0.591,0.6191
456,0.456,0.6654,0.5943,0.6208
457,0.457,0.6654,0.5876,0.6164
458,0.458,0.666,0.5927,0.62
459,0.459,0.666,0.596,0.6222
460,0.46,0.6654,0.5943,0.6208
461,0.461,0.6642,0.5876,0.616
462,0.462,0.6648,0.5893,0.6173
463,0.463,0.6667,0.5876,0.6169
464,0.464,0.6667,0.5876,0.6169
465,0.465,0.6642,0.5876,0.616
466,0.466,0.6648,0.5893,0.6173
467,0.467,0.6642,0.5876,0.616
468,0.468,0.6654,0.591,0.6187
469,0.469,0.6648,0.5893,0.6173
470,0.47,0.6648,0.5893,0.6173
471,0.471,0.6648,0.5893,0.6173
472,0.472,0.6642,0.5876,0.616
473,0.473,0.6635,0.5893,0.6169
474,0.474,0.6648,0.5893,0.6173
475,0.475,0.6642,0.5876,0.616
476,0.476,0.6648,0.5893,0.6173
477,0.477,0.6617,0.5943,0.6195
478,0.478,0.6617,0.5977,0.6218
479,0.479,0.6642,0.591,0.6183
480,0.48,0.6629,0.5876,0.6156
481,0.481,0.6629,0.5876,0.6156
482,0.482,0.6629,0.5876,0.6156
483,0.483,0.6617,0.5876,0.6152
484,0.484,0.6623,0.5893,0.6165
485,0.485,0.6629,0.591,0.6178
486,0.486,0.6629,0.5843,0.6134
487,0.487,0.6629,0.591,0.6178
488,0.488,0.6617,0.5876,0.6152
489,0.489,0.6629,0.5843,0.6134
490,0.49,0.6629,0.5876,0.6156
491,0.491,0.6629,0.5876,0.6156
492,0.492,0.6623,0.5893,0.6165
493,0.493,0.6599,0.5927,0.6179
494,0.494,0.6611,0.5927,0.6183
495,0.495,0.6605,0.5943,0.6191
496,0.496,0.6616,0.5843,0.6129
497,0.497,0.6635,0.586,0.6147
498,0.498,0.6629,0.5843,0.6134
499,0.499,0.6635,0.586,0.6147
